Afghanistan,Khaled Hosseini,The Kite Runner
Afghanistan,Khaled Hosseini,A Thousand Splendid Suns
Afghanistan,Anna Badkhen,Waiting for the Taliban
Afghanistan,Emmanuel Guibert,The Photographer
Afghanistan,Batya Swift Yasgur,Behind the Burqa
Afghanistan,Atiq Rahimi,A Thousand Rooms of Dream and Fear
Afghanistan,Atiq Rahimi,The Patience Stone
Albania,Ismail Kadare,The Palace of Dreams
Albania,Fatos Kongoli,The Loser
Albania,Ismail Kadare,Broken April
Algeria,Leïla Marouane,The Sexual Life of an Islamist in Paris
Algeria,Anouar Benmalek,Abduction
Algeria,Assia Djebar,So Vast the Prison
Algeria,Boualem Sansal,An Unfinished Business
Algeria,Al-Tahir Wattar,The Earthquake
Algeria,Anouar Benmalek,The Lovers of Algeria
Algeria,Yasmina Khadra,The Attack
Andorra,Albert Salvadó,The Teacher of Cheops
Angola,José Eduardo Agualusa,My Father’s Wives
Angola,José Eduardo Agualusa,Creole
Angola,Pepetela,The Return of the Water Spirit
Angola,Ondjaki,Good Morning Comrades
Angola,Ondjaki,The Whistler
Angola,Jose Eduardo Agualusa,The Book of Chameleons
Antigua and Barbuda,Jamaica Kincaid,Lucy
Antigua and Barbuda,Jamaica Kincaid,Annie John
Antigua and Barbuda,Marie-Elena John,Unburnable
Antigua and Barbuda,Althea Prince,Loving this Man
Antigua and Barbuda,Althea Prince,Ladies of the Night
Antigua and Barbuda,Gisele Isaac,Considering Venus
Argentina,Martin Kohan,Seconds Out
Argentina,César Aira,How I Became a Nun
Argentina,César Aira,An Episode in the Life of a Landscape Painter
Argentina,Ernesto Sábato,The Tunnel
Argentina,Alicia Steimberg,Musicians and Watchmakers
Argentina,Jorges Luis Borges
Argentina,Tomás Eloy Martínez,Purgatory (trans. Frank Wynne)
Argentina,Matias Nespolo,7 Ways to Kill a Cat (trans. Frank Wynne)
Argentina,Carlos Gamerro,The Islands
Argentina,Iosi Havilio, Opendoor
Argentina,Luisa Valenzuela
Argentina,Ricardo Piglia
Argentina,Guillermo Martínez
Argentina,Manuel Puig
Argentina,Adolfo Bioy Casares,The Invention of Morel
Argentina,Julio Cortázar,Hopscotch
Armenia,Armand Inezian,Bringing Ararat
Armenia,Grigoris Balakian,Armenian Golgotha
Australia,Tim Winton,Cloudstreet
Australia,Helen Garner,The Children’s Bach
Australia,Markus Zusak,The Book Thief
Australia,Nam Le,The Boat
Australia,Andrew McGahan,The White Earth
Australia,Elizabeth Jolley
Australia,Alex Miller,Lovesong
Austria,Elias Canetti,The Torch in my Ear
Austria,Anna Kim,Frozen Time
Austria,Thomas Bernhard,Extinction
Austria,Stefan Zweig
Austria,Julya Rabinovich,Splithead
Azerbaijan,Gioulzar Akhmedova,Magnolia
Azerbaijan,Maksud Ibragimbekov
Azerbaijan,Anar Razayev
Azerbaijan,Ali and Nino
The Bahamas,Ian Strachan,God’s Angry Babies
The Bahamas,Garth Buckner,Thine is the Kingdom
Bahrain,Ali Al Saeed,Quixotiq
Bahrain,Sarah A Al Sahfei,Yummah
Bangladesh,Taslima Nasrin,Shame
Bangladesh,Shawkat Osman,The Laughter of a Slave
Bangladesh,Tahmima Anam,The Good Muslim
Bangladesh,Humayun Ahmed,To the Woods Dark and Deep
Bangladesh,Ekhlasuddin Ahmed,When the Evening Darkens
Bangladesh,Anwar Pasha,Rifles Bread Women
Barbados,Karen Lord,Redemption in Indigo
Barbados,Agymah Kamau,Flickering Shadows
Barbados,Agymah Kamau,Pictures of a Dying Man
Barbados,Glenville Lovell,Fire in the Canes
Barbados,Glenville Lovell,Song of Night
Barbados,Glenville Lovell,Too Beautiful to Die
Belarus,Artur Klinov,The Sun City of Dreams
Belarus,Uladzimir Karatkievich,King Stakh’s Wild Hunt
Belarus,Uladzimir Bykau,Sotnikau
Belarus,Svetlana Alexievich,Voices from Chernobyl
Belarus,Viktar Martsinovich,Paranoia
Belgium,Hergé,The Adventures of Tintin
Belgium,Peter Terrin,The Guard
Belgium,Stefan Brijs,The Angel Maker
Belgium,Francois Emmanuel,Invitation to a Voyage
Belgium,Dimitri Verhulst,The Misfortunates
Belgium,Louis Paul,Boon My Little War
Belgium,Paul Verhaeghen,Omega Minor
Belgium,Amélie Nothomb
Belize,Zoila Ellis,On Heroes Lizards and Passion
Benin,Gisèle Hountondji
Benin,Jean Pliya
Benin,Florent Couao-Zotti
Benin,Adelaide Fassinou
Benin,Rashidah Ismaili Abubakr,Stories We Tell Each Other
Bhutan,Kunzang Choden,The Circle of Karma
Bhutan,Karma Ura,The Hero with a Thousand Eyes
Bhutan,T Sangay Wangchuk,Seeing with the Third Eye
Bhutan,Dorji Penjore,Bomena
Bhutan,Pema Euden,Coming Home
Bhutan,Sonam Kinga
Bolivia,José Edmundo Paz-Soldán
Bolivia,Víctor Montoya
Bolivia,Giovanna Rivero,Sweet Blood
Bolivia,Juan de Recacoechea,American Visa
Bolivia,Renato Prada Oropeza
Bosnia and Herzegovina,Zlata Filipovic,Zlata’s Diary
Bosnia and Herzegovina,Saša Stanišić,How the Soldier Repairs the Gramophone
Bosnia and Herzegovina,Aleksandar Hemon,The Lazarus Project
Bosnia and Herzegovina,Ivo Andric,The Bridge on the Drina
Bosnia and Herzegovina,Meša Selimović,Death and the Dervish
Bosnia and Herzegovina,Meša Selimović,Fortress
Botswana,Angus Maisie and Travers McNeice, The Lion Children
Botswana,Bessie Head, A Question of Power
Botswana,Unity Dow
Brazil,Joao Ubaldo Ribeiro,House of the Fortunate Buddhas
Brazil,Joao Ubaldo Ribeiro,An Invincible Memory
Brazil,Rubem Fonseca
Brazil,Clarice Lispector
Brazil,Paulo Freire
Brazil,Jorge Amado
Brazil,João Guimarães Rosa
Brazil,Paulo Coehlo
Brazil,Machado de Assis,Dom Casmurro
Brazil,Chico Buarque,Budapest
Brunei,Eva Maria Kershaw,Dusun Folktales: A Collection of Eighty-eight Folktales in the Dusun Language of Brunei with English Translations
Brunei,Christopher Sun (aka Sun Tze Yun),Four Kings
Bulgaria,Elias Canetti,The Tongue Set Free
Bulgaria,Kalin Terziyski,Is there Anybody to Love You?
Bulgaria,Georgi Gospodinov,Natural Novel
Bulgaria,Kapka Kassabova,Street Without a Name
Bulgaria,Anton Donchev,Time of Parting
Bulgaria,Milen Ruskov,Thrown into Nature
Bulgaria,Emiliyan Stanev,The Peach Thief
Burkina Faso,Sarah Bouyain
Burkina Faso,Frédéric Pacéré Titinga
Burkina Faso,Nobert Zongo,The Parachute Drop
Burundi,Marie-Therese Toyi,Weep Not Refugee
Cambodia,U Sam Oeur,Crossing Three Wildernesses
Cambodia,Alice Pung,Unpolished Gem
Cambodia,Vaddey Ratner,In the Shadow of the Banyan
Cambodia,Loung Ung
Cambodia,Haing S Ngor
Cambodia,Bree Lafreniere and Daran Kravanh,Music Through Dark
Cameroon,Mongo Beti,La Pauvre Christ de Bomba (The Poor Christ of Bomba)
Cameroon,Mongo Beti,Mission to Kala
Cameroon,Beatrice Fri Bime,Mystique: a collection of lake myths
Canada,Robertson Davies
Canada,Nicole Brossard,Mauve Desert
Canada,Alice Munro
Canada,Lauren B Davis,Our Daily Bread
Canada,Darcie Friesen Hossack,Mennonites Don’t Dance
Canada,Anne Michaels,Fugitive Pieces
Canada,Thomas King,Green Grass Running Water
Canada,Elizabeth Hay,Late Nights on Air
Canada,Michael Ondaatje,In the Skin of a Lion
Canada, Elizabeth Hay,Late Nights on Air
Cape Verde,Germano Almeida,The Last Will & Testament of Senhor da Silva Araújo
Central African Republic,Bamboté,Dada’s Travels from Ouadda to Bangui
Chad,Joseph Brahim Seid,Told by Starlight in Chad
Chile,Roberto Bolano, The Savage Detectives
Chile,Alberto Fuguet
Chile,María Luisa Bombal
Chile,Luis Sepúlveda
Chile,Antonio Skármeta
Chile,Diamela Eltit
Chile,Alejandro Zambra, The Private Lives of Trees
Chile,Alejandro Zambra, Bonsai
Chile,Isabel Allende, The House of the Spirits (trans. Magda Bodin)
China, Zhu Wen,I Love Dollars
China,Jian Rong, Wolf Totem
China,Ma Jian, Stick Out Your Tongue
China,Zhu Wen
China,Zhang Yueran
China,Han Dong,Banished!
China,Yan Ge
China,Xialou Guo,Village of Stone
China,Mian Mian,Candy
China,Wang Shuo,Playing for Thrills
China,Chen Xiwo,I Love My Mum
China,Xu Zechen
China,Xue Xinran,The Good Women of China
China,Xue Xinran,Message from an Unknown Chinese Mother
China,Xue Xinran,China Witness
China,Ma Jian,Red Dust
China,Cao Xuequin,Dream of the Red Chamber
China,Wu Cheng’en,Journey to the West
China,Zhang Yueran
China,Chan Koonchung,The Fat Years (trans. Michael Duke)
China,Yan Lianke,Dream of Ding Village
China,Mo Yan,The Garlic Ballads
China,MoYan,Shifu You’ll Do Anything for a Laugh
Colombia,Evelio Rosero,The Armies
Colombia,Pilar Quintana,Tickles in the Tongue
Colombia,Juan Gabriel Vasquez,The Informers
Colombia,Eduardo Garcia Aguilar,Boulevard of Heroes
Colombia,Fernando Vallejo,Our Lady of the Assassins
Colombia,Hector Abad Faciolince
Colombia,Laura Restrepo
Colombia,Fernando Vallejo
Comoros,Mohammed Toihiri,The Kafir of Karthala
Democratic Republic of Congo,Amba Bongo
Democratic Republic of Congo,Frederick Yamusangie,Full Circle
Republic of Congo,Emmanuel Dongala,Johnny Mad Dog
Republic of Congo,Emmanuel Dongala,Little Boys Come from the Stars
Republic of Congo,Sony Lab’ou Tansi,The Antipeople
Costa Rica,Carmen Naranjo
Costa Rica,Anacristina Rossi,The Madwoman of Gandoca
Costa Rica,ed. Barbara Ras,Costa Rica: A Traveler’s Literary Companion
Costa Rica,Oscar Nunez Olivas,Cadence of the Moon
Côte d’Ivoire,Bernard Dadié Climbié
Côte d’Ivoire,Ahmadou Kourouma,Allah is not Obliged
Croatia,Miroslav Krleža,On the Edge of Reason
Croatia,Dubravka Ugrĕsic,The Ministry of Pain
Croatia,Dubravka Ugrĕsic,In the Jaws of Life
Croatia,Slavenka Drakulic,A Guided Tour through the Museum of Communism
Croatia,Marija Jurić Zagorka,Daughter of the Lotrščak
Croatia,Marija Jurić Zagorka,A Stone on the Road
Cuba,Mayra Montero,Dancing to Almendra
Cuba,Ena Lucia Portela,One Hundred Bottles
Cuba,Alejo Carpentier
Cuba,Reinaldo Arenas
Cuba,Antonio José Ponte
Cuba,Leonardo Padura
Cuba,Reinaldo Arenas
Cuba,Leonardo Padura Fuentes
Cuba,Virgilio Piñera
Cuba,José Lezama Lima
Cuba,Severo Sarduy
Cuba,Guillermo Cabrera,Infante
Cuba,Lydia Cabrera,Afro-Cuban Tales
Cyprus,Anna Marangou
Cyprus,Andreas Coutas (trans. Xenia Andreou),Famagusta: the Story of the City
Cyprus,Eve Makis
Cyprus,Christy Lefteri,A Watermelon a Fish and a Bible
Cyprus,Panos Ioannides,Gregory and other stories
Cyprus,Elmos Konis,Magnette
Cyprus,Nora Nadjarian,Ledra Street
Czech Republic,Bohumil Hrabal,Too Loud a Solitude
Czech Republic,Hana Demetz,The House on Prague Street
Czech Republic,Tomáš Zmeškal,Love Letter in Cuneiform Script
Czech Republic,Josef Škvorecký,The Engineer of Human Souls (trans. Paul Wilson)
Czech Republic,Jáchym Topol,The Devil’s Workshop
Denmark,Jakob Ejersbo,Exile: Book One of the African Trilogy
Denmark,Morten Ramsland,Dog Head
Denmark,Christian Jungersen,The Exception
Denmark,Louise Bugge Laermann,Constanze Mozart
Djibouti,Abdourahman Waberi,In the United States of Africa
Djibouti,Abdourahman Waberi,Passage of Tears
Dominica,Phyllis Shand Allfrey,The Orchid House
Dominica,Elma Napier,Black and White Sands
Dominica,Jean Rhys
Dominica,Pupils of Atkinson School,The Snake King of the Kalinago
Dominica,Alick Lazare,Pharcel
Dominica,Various authors,Home Again
Dominica,Christborne Shillingford,Most Wanted: street stories from the Caribbean
Dominican Republic,Juan Bosch
Dominican Republic,Arambilet,Neguri’s Secret
Dominican Republic,Junot Diaz,The Brief Wonderous Life of Oscar Wao
Dominican Republic,Pedro Mir,When they Loved the Communal Land
Dominican Republic,Julia Alvarez
East Timor,Luis Cardoso,The Crossing
Ecuador,Jorge Icaza,Huasipungo
Egypt,Ahdaf Soueif,The Map of Love
Egypt,Ahdaf Soueif,Cairo: My City, Our Revolution
Egypt,Sonallah Ibrahim,Stealth
Egypt,Mohamed Mansi Qandil,Moon Over Samarqand
Egypt,Waguih Ghali,Beer in the Snooker Club
Egypt,Naguib Mahfouz,Midaq Alley
Egypt,Naguib Mahfouz,The Thief and the Dogs
Egypt,Naguib Mahfouz,Miramar
Egypt,Naguib Mahfouz,The Final Hour
Egypt,Alaa Al Aswany,The Yacoubian Building
Egypt,Radwa Ashour
Egypt,Nawal El Saadawi
Egypt,May Telmissany,Dunyazad
Egypt,Salwa Bakr
Egypt,ed. Marilyn Booth,My Grandmother’s Cactus
Egypt,Gamal al-Ghitani Zayni Barakat
Egypt,Yusef Zeidan,Azazil
Egypt,Radwa Ashour,Granada
Egypt,Ibrahim Abdel Meguid,No One Sleeps in Alexandria
Egypt,Bahar Tahir
Egypt,Muhammad Bisati
El Salvador,Horacio Castellanos Moya,Senselessness
Equatorial Guinea,Juan Tomás Ávila Laurel
Equatorial Guinea,Donato Ndongo,Shadows of your Black Memory
Equatorial Guinea,Maria Nsue Angue,Ekomo
Eritrea,Senait Mehari,Heart of Fire
Eritrea,Sulaiman Addonia,The Consequences of Love
Estonia,Jaan Kross,Professor Martens’ Departure
Estonia,Jaan Kross,Treading Air
Estonia,Viivi Luik,The Beauty of History
Ethiopia,Maaza Mengiste,Beneath the Lion’s Gaze
Ethiopia,Dinaw Mengestu,Children of the Revolution
Ethiopia,Abraham Verghese,Cutting for Stone
Fiji,Peter Thomson,Kava in the Blood
Fiji,Epeli Hau’ofa,Kisses in the Nederends
Fiji,Epeli Hau’ofa,Tales of the Tikongs
Fiji,Mikaele M.K. Yasa,Of Baluka and Nibong Palm
Finland,Arto,Paasilinna,The Year of the Hare
Finland,Mika Waltari,The Egyptian
Finland,Johanna Sinisalo,Troll: A Love Story
Finland,Sofi Oksanen,Purge
France,Alain-Fournier,The Wanderer
France,Marie NDiaye,Rosie Carpe
France,Marie Darrieussecq,My Phantom Husband
France,Colette,Chéri
France,Faiza Guene,Dreams from the Endz
France,Raymond Queneau,Exercises in Style (trans. Barbara Wright)
France,Georges Perec,Life:a User’s Manual (trans. David Bellos
France,Jean-Marie Gustave Le Clezio,Wandering Star
France,Jean Echenoz,Lightning
France,Delphine de Vigan,Underground Time
France,Faïza Guène,Kiffe Kiffe Tomorrow
France,Alexis Jenni,The French Art of War
France,Laurence Cossé,A Novel Bookstore
France,Hélène Grémillon,The Confidant
France,Jérôme Ferrari,Where I Left My Soul
Gabon,Daniel Mengara,Mema
The Gambia, Dayo Forster,Reading the Ceiling
The Gambia,Dembo Fanta Bojang & Sukai Mbye Bojang,Folk Tales and Fables from The Gambia
Georgia,Sana Krasikov,One More Year
Georgia,ed Elizabeth Heighway,Contemporary Georgian Fiction
Germany,Jenny Erpenbeck,Visitation
Germany,Günter Grass The Tin Drum
Germany,Heinrich Böll,The Lost Honour of Katharina Blum
Germany,Emine Sevgi Özdamar,Bridge of the Golden Horn
Germany,Walter Benjamin,Illuminations (trans. Harry Zohn)
Germany,Clemens Meyer,All the Lights
Germany,Christa Wolf,Medea
Germany,Franz Fühmann
Germany,Inka Parei,The Shadow-Boxing Girl
Germany,Hans Fallada,Alone in Berlin
Germany,Jurek Becker,Jacob the Liar
Germany,Herman Hesse,Siddhartha
Ghana,Ayi Kwei Armah,The Beautyful Ones Are Not Yet Born
Ghana,Isaac Neequaye
Ghana,Ama Ata Aidoo
Ghana,Jo de Graft Hanson,Amanfi’s Gold
Ghana,Gheysika Adombire Agambila,Journey
Ghana,Various authors,Anansi Stories
Greece,Kostas Hatziantoniou,The Black Book of Bile
Greece,Kostas Hatziantoniou,Agrigento
Greece,Margarita Karapanou,Kassandra and the Wolf
Greece,Panos Karnezis
Greece,Nikos Kazantzakis,Freedom or Death
Greece,Nikos Kazantzakis,The Last Temptation
Grenada,Tobias Buckell
Grenada,Merle Collins,The Ladies are Upstairs
Guatemala,Miguel Angel Asturias,The President
Guatemala,Rodrigo Rey Rosa
Guinea,Camara Laye,The Radiance of the King
Guinea,Camara Laye,The Guardian of the Word
Guinea Bissau,Amilcar Cabral,Unity and Struggle
Guyana,Oonya Kempadoo,Buxton Spice
Haiti,Marvin Victor
Haiti,Lyonel Trouillot,Children of Heroes
Haiti,Dany Laferriere,How to Make Love to a Negro without Getting Tired
Haiti,Dany Laferriere,I am a Japanese Writer
Haiti,Louis-Philppe Dalembert
Haiti,Edwidge Danticat,The Farming of the Bones
Haiti,Franketienne
Haiti,Gary Klang
Haiti,Josaphat-Robert Large
Honduras,Augusto Monterroso
Honduras,Guillermo Yuscaran
Honduras,Ramón Amaya Amador
Hungary,Sándor Márai,Embers
Hungary,Dezső Kosztolányi,Skylark
Hungary,Zsigmond Móricz,Be Faithful Unto Death
Hungary,Antal Szerb,Journey by Moonlight
Hungary,Peter Esterharzy,Not Art
Hungary,Tibor Fischer,Under the Frog
Hungary,Antal Szerb,The Pendragon Legend
Hungary,László Krasznahorkai,War and War (trans. George Szirtes)
Hungary,Ferenc Karinthy,Metropole
Hungary,Imre Kertész,Fatelessness
Hungary,Albert Wass
Hungary,Rejtő Jenő
Iceland,Arnaldur Indridason,Jar City
Iceland,Halldór Laxness,The Atom Station
Iceland,Ófeigur Sigurðsson
Iceland,Gyrðir Eliasson,Stone Tree
Iceland,Auður A Ólafsdóttir,The Greenhouse
India,Suketu Mehta,Maximum City
India,Rohinton Mistry,Family Matters
India,Rohinton Mistry,A Fine Balance
India,Premchand
India,Rahul Bhattacharya,The Sly Company of People who Care
India,Amitav Ghosh,River of Smoke
India,Tabish Khair,The Thing about Thugs
India,Aman Sathi,A Free Man
India,Sunetra Gupta
India,Omair Ahmad,Jimmy the Terrorist
India,UR Ananthamurthy,Bharathipura
India,Chandrakanta,A Street in Srinagar
India,Siddharth Chowdhury,Day Scholar
India,Kishwar Desai,Witness the Night
India,Namita Devidayal,Aftertaste
India,Manu Joseph,Serious Men
India,Kavery Nambisan: The Story that Must Not Be Told
India,Kalpish Ratna,The Quarantine Papers
India,Uppamanyu Chattergee,Way to Go
India,Chandrahas Choudhury Arzee the Dwarf
India,Manju Kapur The Immigrant
India,Neel Mukherjee The Immigrant
India,Mani Sankar Mukherji The Middleman
India,I. Allan Sealy The Trotter Nama
India,Shashi Warrier
India,Aniruddha Bahal
IndiaVikram Chandra
India,M T Vasudevan Nair,Mist
India,M T Vasudevan Nair,The Legacy
India,M T Vasudevan Nair,The Demon Seed
India,M T Vasudevan Nair,Second Turn
India,Asha Poorna Devi
India,Ruskin Bond
India,Gurcharan Das,India Unbound
India,Mark Tully
India,Shashi Tharoor,The Great Indian Novel
India,Mahasweta Devi,Imaginary Maps
India,Mahasweta Devi,Bitter Soil
India,Mahasweta Devi,Hajar Churashir Maa
India,RK Narayan,Malgudi Days
India,Jhaverchand Meghani
India,Kushwant Singh,Train to Pakistan
India,Kushwant Singh,The Portrait of a Lady
India,ed Rakesh Khanna,The Blaft Anthology of Tamil Pulp Fiction
India,Shivaji Sawant,Mrityunjay
India,OV Vijayan
India,Govardhanram Tripathi,Saraswatichandra
India,Satyajit Ray,Feluda series
India,Sunil Gangopadhyay,Those Days
India,Rabindranath Tagore
India,Sashi Deshpande
India,Kiran Nagarkar,Cuckold
India,Kiran Nagarkar,Seven Sixes are Forty-Three
India,Charu Nivedita,Zero Degree
India,Tarun Tejpal,Alchemy of Desire
India,Manoshi Bhattacharya,Chittagong Summer of 1930
India,Sankar Chowringhee
Indonesia,Yusuf Bilyarta Mangunwijaya,Durga Umayi
Indonesia,Ayu Utami
Indonesia,Mochtar Lubis
Indonesia,Pramoedya Ananta Toer
Iran,Akbar Golrang,Parpin Flowers
Iran,Nasrin Alavi,We are Iran
Iran,Shahrnush Parsipur,Touba and the Meaning of Night
Iran,Mahmoud Dowlatabadi,The Colonel (trans. Tom Patterdale)
Iran,Adnan-Ahmed
Iraq,Samuel Shimon,An Iraqi in Paris
Iraq,Ali Bader,The Tobacco Keeper
Iraq,Hassan Blasim,The Madman of Freedom Square
Iraq,Rodaan Al Galidi,Thirsty River
Iraq,Samira Al-Mana
Iraq,Wafaa Abed Al Razzaq
Iraq,A Alwan,The Sheikh’s Detective
Iraq,Fuad al-Takarli,The Long Way Back
Ireland,James Joyce Ulysses
Ireland,Maria Edgeworth,Castle Rackrent
Ireland,William Trevor
Ireland,Sebastian Barry,The Secret Scripture
Ireland,Flann O’Brien,The Third Policeman
Israel,David Grossman,Falling Out of Time
Israel,David Grossman,To the End of the Land
Israel,Amos Oz,A Tale of Love and Darkness (trans. Nicholas de Lange)
Israel,Savyon Liebrecht
Israel,AB Yehoshua
Israel,Ronit Matalon
Israel,Alex Epstein
Israel,Aharon Appelfeld,Blooms of Darkness
Israel,Sara Shilo,The Falafel King is Dead
Israel,Etgar Keret
Israel,Yehoshua Kenaz
Italy,Roberto Saviano,Gomorrah
Italy,Leonardo Sciascia,The Day of the Owl (trans. Archibald Colquhoun)
Italy,Fabio Geda,In the Sea there are Crocodiles (trans. Howard Curtis)
Italy,Elena Ferrante,The Lost Daughter
Italy,Antonio Tabucchi,Pereira Maintains
Italy,Diego Marani,New Finnish Grammar
Italy,Alessandro Baricco, Ocean Sea
Italy,Alessandro Baricco,Mr Gwyn
Jamaica,Kei Miller
Jamaica,Lindsay Barrett
Jamaica,Margaret Cezair-Thompson,The Pirate’s Daughter
Jamaica,Colin Channer
Jamaica,Brian Meeks,Paint the Town Red
Jamaica,Patricia Powell
Jamaica,Victor Stafford Reid
Jamaica,Vanessa Spence
Jamaica,Marlon James,John Crow’s Devil
Japan,Haruki Murakami,Kafka on the Shore
Japan,Haruki Murakami,1Q84
Japan,Natsume Sōseki,The Miner
Japan,Natsume Sōseki,I am a Cat
Japan,Michitsuna no Haha (Michitsuna’s mother),The Kagero Diary (trans. Sonja Arntzen)
Japan,Yukio Mishima,Death in Midsummer (trans. Seidensticker, Keene, Morris, Sargent)
Japan,Hiromi Kawakami Manazuru
Japan,Shiba Ryotaro
Japan,Yoko Ogawa
Japan,Yoriko Shono
Japan,Yumiko Kurahashi
Japan,Yoko Tawada
Japan,Yasunari Kawabata,Snow Country
Jordan,Ibrahim Nasrallah,The Time of White Horses
Kazakhstan,Rollan Seisenbayev,The Day the World Collapsed
Kazakhstan,Mukhamet Shayakhmetov,The Silent Steppe: The Story of a Kazakh Nomad Under Stalin
Kazakhstan,Nursultan Nazarbayev,My Life My Times and the Future
Kazakhstan,Ilyas Esenberlin,Nomads
Kenya,Binyavanga Wainaina,One Day I Will Write About This Place
Kenya,Ngũgĩ wa Thiong’o,A Grain of Wheat,
Kenya,Ngũgĩ wa Thiong’o,Wizard of the Crow
Kenya,Philo Ikonya,Kenya Will You Marry Me?
Kiribati Teweiariki Teaero Waa in Storms
Kuwait,Saif Marzooq al-Shamlan,Pearling in the Arabian Gulf
Kuwait,Jehan S Rajab,Invasion Kuwait
Kuwait,Haya al-Mughni,Women in Kuwait
Kuwait,Danderma,The Chronicles of Dathra a Dowdy Girl from Kuwait
Kyrgyzstan,Chinghiz Aitmatov,Jamilia
Kyrgyzstan,Chinghiz Aitmatov,The Place of the Skull
Laos,Outhine Bounyavong,Mother’s Beloved
Latvia,David Bezmozgis,The Free World
Latvia,Agate Nesaule,A Woman in Amber
Latvia,Inga Zolude,A Solace for Adam’s Tree
Latvia,Sandra Kalniete,With Dance Shoes in Siberian Snows
Lebanon,Joumana Haddad,I Killed Scheherazade
Lebanon,Elias Khoury,Yalo
Lebanon,Elias Khoury,Gate of the Sun
Lebanon,Hanan al-Shaykh,One Thousand and One Nights
Lebanon,Hanan al-Shaykh,The Locust and the Bird
Lebanon,Jabbour Douhaiy,June Rain
Lebanon,Alexandra Chreiteh,Always Coca-Cola
Lebanon,Iman Humaydan,Wild Mulberries
Lebanon,Amin Maalouf,Samarkand
Lebanon,Amin Maalouf,Leo the African
Lebanon,Rashid al-Daif,Dear Mr Kawabata
Lebanon,Amin al Rihani
Lebanon,Gibran Khalil Gibran
Lesotho Thomas Mofolo Chaka
Lesotho,AS Mopeli-Paulus, Blanket Boy’s Moon
Lesotho,AS Mopeli-Paulus,The World and the Cattle
Lesotho,Morabo Morojele,How We Buried Puso
Lesotho,Various authors,Basali! Stories by and about women in Lesotho
Liberia,Helene Cooper,The House at Sugar Beach
Liberia,Ellen Johnson Sirleaf,This Child Will Be Great
Liberia,Mardia Stone,Konkai: Living Between Two Worlds
Libya,Hisham Matar,In the Country of Men
Libya,Hisham Matar,Anatomy of a Disappearance
Libya,Ibrahim Al-Khoni,Anubius: A Desert Novel
Libya,Ibrahim Al-Khoni,Gold Dust
Libya,Ibrahim Al-Khoni,The Animists
Libya,Ibrahim Al-Khoni,The Bleeding of the Stone
Libya,Ibrahim Al-Khoni,The Puppet
Libya,Ibrahim Al-Khoni,The Seven Veils of Seth
Libya,Ahmed Fagi,Homeless Rats
Libya,Ahmed Fagi,30 Short Stories
Liechtenstein,Iren Nigg
Liechtenstein,Stefan Sprenger
Liechtenstein,Heinrich Harrer,Seven Years in Tibet
Liechtenstein,CC Bergius,The Noble Forger
Lithuania,Laura Sintija Černiauskaitė
Lithuania,Various authors, No Men No Cry (‘Collective Series’)
Lithuania,Ricardas Gavelis,Vilnius Poker
Lithuania,Jonas Mekas
Lithuania,Juozas Baltusis
Lithuania,Andrius Tapinas,Hour of the Wolf
Lithuania,Balys Sruoga,Forest of the Gods
Luxembourg,Jean Back Amateur
Luxembourg,Robi Gottlieb-Cahen,Minute Stories
Macedonia,Rumena Bužarovska,Scribbles
Macedonia,Goce Smilevski,Sigmund Freud’s Sister
Macedonia,Goce Smilevski,Conversation with Spinoza
Macedonia,Elizabeta Bakovska,On the way to Damascus
Macedonia,Rumena Bužarovska,Wisdom Tooth
Madagascar,ed. Jacques Bourgeacq and Liliane Ramarosoa,Voices from Madagascar
Malawi,Samson Kambalu,The Jive Talker
Malawi,Aubrey Kachingwe,No Easy Task
Malaysia Shih-Li Kow Ripples and Other Stories
Malaysia,A Samad Said
Maldives Abdullah Sadiq Dhon Hiyala and Ali Fulhu
Mali,Amadou Hampâté Bâ,The Strange Destiny of Wangrin
Mali,Yambo Ouloguem,Bound to Violence
Malta,Immanuel Mifsud,Happy Weekend
Malta,Pierre Mejlak
Malta,Simon Bartolo
Marshall Islands,Ed Daniel Kelin,Marshall Islands Legends and Stories,
Marshall Islands,Marshallese school students (the Unbound Bookmaker Project),The Important Book about Majuro
Marshall Islands,Jack Niedenthal,For the Good of Mankind
Marshall Islands,Bob Barclay,In Melal: A Novel of the Pacific
Marshall Islands,Dirk R Spennemann,Bwebwenatoon etto: a collection of Marshallese legends and traditions
Mauritania,Mohamed Bouya Bamba,Angels of Mauritania and the Curse of the Language
Mauritius,Anand Mulloo,Watch Them Go Down
Mauritius,Barlen Pyamootoo,Benares
Mexico,Juan Pablo Villalobos,Down the Rabbit Hole
Mexico,Octavio Paz,The Labyrinth of Solitude (trans. Lysander Kemp)
Mexico,Laura Esquivel,Like Water for Chocolate (trans. Carol Christensen and Thomas Christensen)
Mexico,Martín Solares,The Black Minutes
Mexico,Carlos Fuentes
Mexico,Jorge Volpi
Mexico,Rosario Castellanos
Mexico,Carmen Boullosa
Mexico,Sandra Cisneros
Mexico,Mario Bellatín
Mexcio,Elena Garro
Mexico,Juan Rulfo
Mexico,Elena Poniatowska
Mexico,Sergio Pitol
Mexico,Juan Rulfo,Pedro Paramo
Micronesia, Federated States of Luelen Bernart The Book of Luelen
Moldova Ion Drutse Moldavian Autumn; The Story of an Ant
Monaco ed. Richard and Danae Projetti Grace Kelly: Princesse du Cinema
Mongolia Galsan Tschinag The Blue Sky
Montenegro,Petar II Petrović-Njegoš,The Mountain Wreath
Montenegro,Andrej Nikolaidis
Montenegro,Xenia Popovich,A Lullaby for No Man’s Wolf
Morocco,Diss Chraïbi,Heirs to the Past
Morocco,Diss Chraïbi,Le Passé Simple (The Simple Past)
Morocco,Tahar Ben Jelloun,The Sacred Night
Morocco,Tahar Ben Jelloun,This Blinding Absence of Light (trans. Linda Coverdale)
Morocco,Tahar Ben Jelloun,A Palace in the Old Village (trans. Linda Coverdale)
Morocco,Bensalem Himmich,The Polymath
Morocco,Mohammed Achaari,The Arch and the Butterfly
Morocco,Fatima Mernissi
Morocco,Muhammad Shukri,For Bread Alone
Morocco,Muhammad Barrada,The Game of Forgetting
Mozambique,Mia Couto,The Sleepwalking Land
Mozambique,Mia Couto,Under the Frangipani
Mozambique,Paulina Chiziane,Niketche
Mozambique,Ungulani Ba Ka Khosa,Ualalapi
Mozambique,Luis Bernardo Honwana,We Killed Mangy Dog
Myanmar,Cho Tu Zaw
Myanmar,Ma Thida
Myanmar,Nu Nu Yi Inwa,Smile as they Bow
Namibia,Joseph Diescho,Troubled Waters
Namibia,Neshani Andreas,The Purple Violet of Oshaantu
Nauru,Timothy Detudamo,Legends Traditions and Tales of Nauru
Nauru,Ben Bam Solomon et al,Stories from Nauru
Nepal,Samrat Upadhyay,Buddha’s Orphans
Nepal,Ajit Baral,The Lazy Conman and Other Stories
Nepal,Parijat,Blue Mimosa
Netherlands,Harry Mulisch,The Discovery of Heaven
Netherlands,Cees Noteboom,Lost Paradise
Netherlands,Tessa de Loo
Netherlands,Gerbrand Bakker,The Twin
Netherlands,Kader Abdolah,The House of the Mosque
Netherlands,Abdelkader Benali
Netherlands,Jan van Mersbergen,Tomorrow Pamplona
Netherlands,Arthur Japin,The Two Hearts of Kwasi Boachi
Netherlands,Tommy Wieringa,Little Caesar
Netherlands,Bernlef,Out of Mind
Netherlands,Jan Wolkers,Turkish Delight
Netherlands,WF Hermans,The Darkroom of Damocles
Netherlands,Arnon Grunberg, Tirza
Netherlands,Arnon Grunberg, Skin and Hair
Netherlands,Cees Noteboom,All Souls’ Day
Netherlands,Cees Noteboom,Rituals
New Zealand,Charlotte Grimshaw,Singularity
New Zealand,Maurice Shadbolt,Season of the Jew
New Zealand,Keri Hulme,The Bone People
New Zealand,Lloyd Jones, Mr. Pip
New Zealand,Alan Duff,Once Were Warriors
New Zealand,Witi Ihimaera,Tangi
New Zealand,Janet Frame
Nicaragua,Gioconda Belli,Infinity in the Palm of her Hand
Niger,recounted by Nouhou Malio,The Epic of Askia Mohammed
Nigeria,Wole Soyinka,The Interpreters
Nigeria,Wole Soyinka,Season of Anomy
Nigeria,Toyin Falola,A Mouth Sweeter than Salt
Nigeria,Lola Shoneyin,The Secret Lives of Baba Segi’s Wives
Nigeria,Chimamanda Ngozi Adichie,Americanah
Nigeria,Chinua Achebe,Things Fall Apart
North Korea,Ri In Mo,My Life and Faith
North Korea,Kye Wol Hyang
Norway,Karl Ove Knausgaard,My Struggle
Norway,Per Petterson,To Siberia
Norway,Per Petterson,Out Stealing Horses (trans. Ann Born)
Norway,Knut Hamsun,Hunger
Norway,Lars Saabye Christensen,The Half Brother
Norway,Jan Wiese,The Naked Madonna
Norway,Linn Ullmann,Before You Sleep
Norway,Agnar Mykle,Lasso Round the Moon
Norway,Gerd Brantenberg,Egalia’s Daughters
Oman,Ibrahim Farghali,Smiles of Saints
Oman,Khadija bint Alawi Al-Dhahab,My Grandmother’s Stories
Oman,Unni Wikan,Behind the Veil in Arabia: Women in Oman
Oman,Abdulaziz Al Farsi,Earth Weeps Saturn Laughs
Pakistan,Mohsin Hamid,Moth Smoke
Pakistan,Mohsin Hamid,The Reluctant Fundamentalist
Pakistan,Sara Suleri,Meatless Days
Pakistan,Bapsi Sidhwa,Ice Candy Man
Pakistan,Bapsi Sidhwa,An American Brat
Pakistan,Bapsi Sidhwa,The Pakistani Bride
Pakistan,Bina Shah,A Season for Martyrs
Pakistan,Bina Shah,Slum Child
Pakistan,Jamil Ahmad,The Wandering Falcon
Pakistan,Daniyal Mueenuddin,In Other Rooms Other Wonders
Pakistan,HM Naqvi,Home Boy
Pakistan,Uzma Aslam Khan
Pakistan,Musharraf Ali Farooqi,The Story of a Widow
Pakistan,Musharraf Ali Farooqi,Between Clay and Dust
Pakistan,Ali Sethi,The Wish Maker
Pakistan,Kamila Shamsie,Kartography
Pakistan,Kamila Shamsie,Broken Verses
Pakistan,Kamila Shamsie,Burnt Shadows
Pakistan,Mohammed Hanif
Palau Susan Kloulechad Spirits’ Tides
Palestine,Ibtisam Barakat,Tasting the Sky: A Palestinian Childhood
Palestine,Sahar Khalifeh,Wild Thorns
Palestine,Susan Abulhawa,Mornings in Jenin
Palestine,Mahmoud Shukair,Mordechai’s Moustache and his Wife’s Cats, and other stories
Panama,Juan David Morgan,The Golden Horse
Panama,Carlos Russell
Papua New Guinea,Russell Soaba,Maiba
Papua New Guinea,Regis Stella Gutsini,Posa
Papua New Guinea,Bernard Narokobi,Two Seasons
Papua New Guinea,Vincent Eri,The Crocodile
Papua New Guinea,Nash Sorariba
Papua New Guinea,Michael Somare Sana
Paraguay,Augusto Roa Bastos,The Prosecutor
Peru,Mario Vargas Llosa,Death in the Andes
Peru,Mario Vargas Llosa,Aunt Julia and the Scriptwriter (trans. Ursule Molinaro, Hedwig Rappolt)
Peru,Jaime Bayly
Peru,José María Arguedas
Peru,Santiago Roncagliolo
Philippines,Charlson Ong
Philippines,Joel Toledo
Philippines,Miguel Syjuco,Illustrado
Philippines,F Sionil José
Philippines,Jessica Hagedorn,Dogeaters
Philippines,Bino Realuyo,The Umbrella Country
Philippines,Ninotchka Rosca,State of War
Poland,Stanislaw Lem
Poland,Olga Tokarczuk,Primeval and Other Times
Poland,Olga Tokarczuk,House of Day House of Night
Poland,Pawel Huelle,Cold Sea Tales
Poland,Pawel Huelle,Castorp
Poland,Pawel Huelle,The Last Supper
Poland,Pawel Huelle,Mercedes Benz
Poland,Zygmunt Miloszewski Entanglement; A Grain of Truth
Poland,Witold Gombrowicz Pornografia
Poland,Wiesław Myśliwski Stone upon Stone
Poland,Magdalena Tulli In Red
Poland,Dorota Maslowska Snow White and Russian Red
Poland,Marek Krajewski The Eberhard Mock books
Poland,Grazyna Plebanek Illegal Liaisons
Poland,Antoni Libera Madame
Poland,Andrzej Stasiuk,On the Road to Babadag
Poland,Andrzej Stasiuk,Dukla
Poland,Andrzej Stasiuk,Fado
Poland,Andrzej Stasiuk,Nine
Poland,Andrzej Stasiuk,White Raven
Poland,Stefan Chwin,Death in Danzig
Poland,Michal Witkowski,Lovetown
Poland,Jacek Hugo-Bader,White Fever
Poland,Wojciech Jagielski,The Night Wanderers
Poland,Kazimierz Moczarski,Conversations with an Executioner
Poland,Wojciech Tochman,Like Eating a Stone
Portugal,Eca de Queiroz,The Mandarin and Other Stories
Portugal,José Saramago,Blindness
Portugal,José Saramago,The Year of the Death of Ricardo Reis
Portugal,José Saramago,The Gospel According to Jesus Christ
Portugal,Fernando Pessoa
Portugal,Pero Vaz de Caminha,Carta de Pêro Vaz de Caminha
Qatar,Mohammed Ali,Victory over Abu Derya: The Quest for Pearls in the Arabian Gulf
Qatar,Abdul Aziz Al Mahmoud,The Corsair
Romania,Herta Müller,The Passport
Romania,Filip and Matei Florian,The Baiut Alley Lads
Romania,Mircea Cartarescu
Romania,Mircea Eliade
Russia,Alina Bronsky,The Hottest Dishes of the Tartar Cuisine
Aleksandr Solzhenitsyn,One Day in the Life of Ivan Denisovich (trans. Ralph Parker)
Russia,Vladimir Sorokin,Day of the Oprichnik
Russia,Mikhail Lermontov,A Hero of Our Time
Russia,Mikhail Bulgakov,The Master and Margarita (trans. Michael Glenny)
Russia,Roman Senchin,MINUS
Russia,Alan Cherchesov,Requiem for the Living
Russia,Oleg Zaionchkovski,Happiness is Possible
Russia,PD Ouspensky,Strange Life of Ivan Osokin
Rwanda,Philip Gourevitch,We Wish to Inform You that Tomorrow We Will Be Killed with our Families
Rwanda,Jean Hatzfeld,Into the Quick of Life
Rwanda,Barassa Teta
Rwanda,John Rusimbi,By the Time She Returned
Rwanda,Gilbert Gatore,The Past Ahead
Saint Kitts and Nevis,Caryl Phillips
Saint Kitts and Nevis,Bertram Roach,Only God Can Make a Tree
Saint Lucia,Derek Walcott,Omeros
Saint Lucia,Garth St Omer,A Room on the Hill
Saint Lucia,Garth St Omer,J- Black Bam and the Masqueraders
Saint Lucia,Dr Earl Long,Consolation
Saint Lucia,Dr Earl Long,Voices from a Drum
Saint Lucia,Garth St Omer,Nor Any Country
Saint Lucia,Garth St Omer,Shades of Grey
Saint Lucia,McDonald Dixon,Season of Mist
Saint Lucia,Michael Aubertin,Neg Maron
Saint Vincent and the Grenadines,H Nigel Thomas,Spirits in the Dark
Saint Vincent and the Grenadines,Behind the Face of Winter
Saint Vincent and the Grenadines,Return to Arcadia
Saint Vincent and the Grenadines,George Thomas,Ruler in Hairoona
Saint Vincent and the Grenadines,Cecil Browne,The Moon is Following Me
Saint Vincent and the Grenadines,Richard Byron-Cox,Were Mama’s Tears in Vain?
Saint Vincent and the Grenadines,Marcia King-Gamble
Saint Vincent and the Grenadines,Trish St Hill
Saint Vincent and the Grenadines,Nickie Williams
Samoa,Misa Telefoni Retzlaff,Love and Money
Samoa,Lani Wendt Young,Telesa
Samoa,Albert Wendt,The Adventures of Vela
Samoa,Sia Figiel,Where We Once Belonged
Samoa,Sia Figiel,The Girl in the Moon Circle
Samoa,Sia Figiel,They Who do not Grieve
Samoa,Albert Wendt,Sons for the Return Home
Samoa,Albert Wendt,Pouliuli
San Marino,Giuseppe Rossi,The Republic of San Marino
Sao Tome and Principe,Olinda Beja,The Shepherd’s House
Saudi Arabia,Rajaa Al-Sanea,Girls of Riyadh
Saudi Arabia,Raja Alem,My Thousand and One Nights: A Novel of Mecca
Saudi Arabia,Abdul Rahman Munif,Endings
Saudi Arabia,Abdul Rahman Munif,Cities of Salt
Saudi Arabia,Abdul Rahman Munif,The Trench
Saudi Arabia,Abdul Rahman Munif,Variations on Night and Day
Saudi Arabia,ed. Abubaker Bagader,Voices of Change
Saudi Arabia,Ghazi Abdul Rahman Al Gosaibi
Senegal,Mariama Bâ,Une Si Longue Lettre (So Long a Letter)
Senegal,Ken Bugul,Riwan ou Le Chemin de Sable (Riwan or The Path of Sand)
Serbia,Ivo Andric,Bridge in the River Drina
Serbia,Milos Crnjanski,A Novel About London
Serbia,Danilo Kiš
Serbia,David Albahari,Bait
Serbia,Milorad Pavic,Dictionary of the Khazars
Serbia,Srdjan Valjarevic,Lake Como
Serbia,Zoran Živković
Serbia,Milos Crnjanski,Migrations
Seychelles,Glynn Burridge,Voices
Seychelles,William Travis,Beyond the Reefs
Seychelles,William Travis,Shark for Sale
Sierra Leone,Aminatta Forna,The Memory of Love
Sierra Leone,Ishmael Beah,A Long Way Gone: Memoirs of Boy Soldier
Singapore,Su-Chen Christine Lim,Fistful of Colours
Slovakia,Pavol Rankov
Slovakia,Peter Pistanek,Rivers of Babylon
Slovakia,Daniela Kapitánová,Samko Tale’s Cemetery Book
Slovenia,Slavoj Žižek
Slovenia,Nataša Kramberger,Heaven in a Blackberry Bush: a Novel in Stories
Slovenia,Andrej Blatnik,You do Understand
Slovenia,Andrej Skubic,Fužine Blues
Slovenia,Miha Mazzini,The German Lottery
Slovenia,Vladimir Bartol,Alamut
Solomon Islands,John Saunana,The Alternative
Solomon Islands,ed. Alice Aruhe’eta Pollard and Marilyn J. Waring,Being the First: Storis Blong Oloketa Mere lo Solomon Aelan
Solomon Islands,Celo Kulagoe
Somalia,Nuruddin Farah,Secrets
Somalia,Nuruddin Farah,Sweet and Sour Milk
South Africa,Gavin Evans,Dancing Shoes is Dead
South Africa,Ingrid Winterbach,The Book of Happenstance
South Africa,Damon Galgut,The Quarry
South Africa,Kgebetli Moele,The Book of the Dead
South Africa,Diane Awerbuck,Cabin Fever
South Africa,Siphiwo Mahala,African Delights
South Africa,Henrietta Rose-Innes,Nineveh
South Africa,Ivan Vladislavic,The Loss Library
South Africa,Nelson Mandela,The Long Walk to Freedom
South Africa,Alan Paton Cry,the Beloved Country
South Africa,Bryce Courtenay,The Power of One
South Africa,Dalene Matthee,Fiela’s Child
South Africa,Dalene Matthee,Circles in the Forest
South Korea,Hwang Sok-yong,The Guest
South Korea,Hwang Sok-yong,The Old Garden
South Korea,Lee Hye-Kyung,A House on the Road
South Korea,Shin Kyung-Sook,Please Look After Mom
South Sudan,Julia Duany,‘To Forgive is Divine not Human’
Spain,Miguel Delibes,Five Hours with Mario
Spain,Javier Cercas,Soldiers of Salamis
Spain,Javier Cercas,The Anatomy of a Moment (trans. Anne McClean)
Spain,Alberto Mendez,The Blind Sunflowers
Spain,Miguel de Cervantes,Don Quixote (trans. Edith Grossman)
Spain,Carlos Ruiz Zafon,The Shadow of the Wind
Spain,Enrique Vila-Matas,Dublinesque
Spain,Juan Goytisolo,Exiled from Almost Everywhere
Spain,Antonio Muñoz,Molina Sefarad
Sri Lanka,Romesh Gunesekera,Reef
Sri Lanka,Carl Muller,The Jam Fruit Tree
Sri Lanka, Shehan Karunatilaka,Chinaman
Sri Lanka,Ru Freeman,A Disobedient Girl
Sri Lanka,Siri Gunasinghe,The Shadow
Sri Lanka,Kathleen Jayawardena,Circles of Fire
Sri Lanka,S Ponnuthurai,Ritual
Sri Lanka,Sunethra Rajakarunanayake,Metta
Sri Lanka,Keerthi Welisarage,The Doomed
Sri Lanka,Martin Wickramasinghe
Sudan,Amir Tag Elsir,The Grub Hunter
Sudan,Tarek Eltayeb,The Palm House
Sudan,Tayeb Salih,Season of Migration to the North
Sudan,Leila Aboulela,Minaret
Suriname,Cynthia Mcleod,The Cost of Sugar
Suriname,Cynthia Mcleod,The Free Negress
Swaziland, Sarah Mkhonza,Weeding the Flowerbeds
Sweden,Henning Mankell,Chronicler of the Winds
Sweden,Per Olov Enquist,The March of the Musicians (trans. Joan Tate)
Sweden,Per Olov Enquist,The Story of Blanche and Marie
Sweden,Jens Lapidus,Easy Money
Sweden,Karin Altenberg,Island of Wings
Sweden,Jonas Hassen Khemiri,Montecore
Sweden,Hjalmar Soderberg,Doctor Glas
Sweden,Lotta Lotass
Sweden,Amelie Posse
Sweden,John Ajvide Lindqvist,Let the Right One In
Switzerland,Friedrich Dürrenmatt,The Pledge
Switzerland,Hansjörg Schertenlieb,A Happy Man
Switzerland,Gottfried Keller,A Village Romeo and Juliet
Switzerland,Annemarie Schwarzenbach
Switzerland,Friedrich Glauser,In Matto’s Realm
Switzerland,Peter Bichsel,Children’s Stories
Switzerland,Aglaja Veteranyi,Why the Child is Cooking in the Polenta
Switzerland,Hugo Loetscher,Noah
Switzerland,Gerhard Meier,Isle of the Dead
Syria,Fadi Azzam,Sarmada
Syria,Zakaria Tamer,Breaking Knees
Syria,Ghadda Samman
Syria,Rafik Schami,Damascus Nights
Syria,Hassan Bahri
Syria,Hanna Mina,Sun on a Cloudy Day
Syria,Khaled Khalifa,In Praise of Hatred
Taiwan,Su Wei-chen
Taiwan,Pai Hsien-yung,Crystal Boys
Tajikistan,Andrei Volos,Hurramabad
Tanzania,Muhammed Said Abdulla
Tanzania,Abdulrazak Gurnah,Desertion
Tanzania,Edwin Semzaba
Tanzania,Ismael Mbise,Blood on Our Land
Tanzania,Agoro Anduru
Tanzania,Adam Shafi
Tanzania,Bethsaida Orphan Girls’ Secondary School,Their Voices Their Stories
Tanzania,Sophia Mustafa,Broken Reed
Tanzania,Tengio Urrio,The Girl from Uganda
Tanzania,S Ndunguru,The Lion of Yola
Tanzania,Ronny Mintjens,More Than a Game
Thailand,Chart Korbjitti,The Judgement
Thailand,Kukrit Pramoj
Thailand,Kampoon Boontawee,A Child of the Northeast
Thailand,Chart Korbjitti,No Way Out
Thailand,Chart Korbjitti,Time
Thailand,Chart Korbjitti,Mad Dogs & Co
Togo,Jeanette D Ahonsou
Togo,Pyabelo Chaold Kouly
Togo,Tété-Michel Kpomassie,An African in Greenland
Tonga,Joshua Taumoefolau,A Providence of War
Tonga,Epeli Hau’ofa,Tales of the Tikongs
Trinidad and Tobago,VS Naipaul,A House for Mr Biswas,
Trinidad and Tobago,VS Naipaul,In a Free State
Trinidad and Tobago,Monique Roffey,The White Woman on the Green Bicycle
Trinidad and Tobago,Robert Antoni
Trinidad and Tobago,Keith Jardim,Near Open Water
Trinidad and Tobago,Earl Lovelace,Is Just a Movie
Trinidad and Tobago,Vahni Capildeo,One Scattered Skeleton
Trinidad and Tobago,Errol John,Moon on a Rainbow Shawl
Tunisia,Habib Selmi,The Scents of Marie-Claire
Tunisia,Ali Douagi
Tunisia,Mahmoud Messadi
Tunisia,Abdelwahab Meddeb,Talismano
Tunisia,Hassouna Mosbahi,A Tunisian Tale
Turkey,Orhan Pamuk,Snow
Turkey,Halide Edip Adıvar
Turkey,Reşat Nuri Güntekin
Turkey,Refik Halit Karay
Turkey,Sabahattin Ali
Turkey,Yaşar Kemal
Turkey,Fakir Baykurt
Turkey,Kemal Tahir
Turkey,Latife Tekin,Dear Shameless Death
Turkey,Elif Shafak,The Forty Rules of Love
Turkey,Erendiz Atasu,The Other Side of the Mountain
Turkey,Murathan Mungan
Turkey,Orhan Kemal
Turkey,Güneli Gün,On the Road to Baghdad
Turkey,Sait Faik Abasıyanık
Turkmenistan,John Kropf,Unknown Sands
Turkmenistan,Ak Welsapar,Cobra
Turkmenistan,Ak Welsapar,The Tale of Aypi
Tuvalu,Various authors,Tuvalu: a history
Uganda,Okot p’Bitek,Song of Lawino
Uganda,Doreen Baingan,Tropical Fish: Stories Out Of Entebbe
Uganda,Moses Isegawa,Abyssinian Chronicles
Uganda,Moses Isegawa,Snakepit
Ukraine,Andrey Kurkov,Death and the Penguin
Ukraine,Theodore Odrach,Wave of Terror
United Arab Emirates,Qais Sedki,Gold Ring
United Arab Emirates,Maha Gargash,The Sand Fish
United Arab Emirates,Mohammad Al Murr,The Wink of the Mona Lisa
United Arab Emirates,Mohammad Al Murr,Dubai Tales
United Arab Emirates,Ameera Al Hakawati,Desperate in Dubai
United Kingdom,Angus MacLellan,Stories from South Uist
United Kingdom,Caryl Lewis Martha,Jack and Shanco
United Kingdom,Christina Hall,To the Edge of the Sea
United Kingdom,Deborah Levy,Swimming Home
United Kingdom,Vanessa Gebbie
United Kingdom,Siân Melangell Dafydd,Y Trydydd Peth
Uruguay,Juan Carlos Onetti,The Shipyard
Uruguay,Juan Carlos Onetti,The Pit and Tonight
Uruguay,Felisberto Hernández,Lands of Memory
Uruguay,Rafael Courtoisie
Uruguay,Horacio Quiroga,The Decapitated Chicken
Uruguay,Cristina Peri Rossi
Uruguay,Eduardo Galeano
Uruguay,Mario Benedetti
Uzbekistan,Sabit Madaliev
Uzbekistan,Hamid Ismailov,The Railway
Uzbekistan,Bibish,The Dancer from Khiva: One Muslim Woman’s Quest for Freedom
Vanuatu,Sethy Regenvau,Laef Blong Mi: From Village to Nation
Vatican City,Luigi Marinello & The Millenari,Shroud of Secrecy
Venezuela,Francisco Suniaga
Venezuela,Alberto Barrera Tyszka,The Sickness
Venezuela,Ana Teresa Torres
Venezuela,Romulo Gallegos
Venezuela,Federico Vegas Falke
Vietnam,Phan Hon Nhien,The Joker
Vietnam,Nguyen Nhat Anh
Vietnam,Phan Hon Nhien,Cold Eyes
Vietnam,Phan Hon Nhien,Left Wing
Vietnam,Bao Ninh,The Sorrow of War (trans. Frank Palmos, Phan Thanh Hao)
Yemen,Wajdi al-Ahdal,A Land without Jasmine
Yemen,Zayd Mutee’,Dammaj The Hostage
Zambia,Gaile Parkin Baking Cakes in Kigali
Zambia,Field Ruwe
Zambia,Binwell Sinyangwe,A Cowrie of Hope
Zimbabwe,Petinah Gappah,An Elegy for Easterly
Zimbabwe,Tsitsi Dangarembga,Nervous Conditions
Zimbabwe,Brian Chikwava,Harare North
Zimbabwe,Tendai Huchu,The Hairdresser of Harare
Zimbabwe,Shimmer Chinodya,Chioniso and Other Stories
Zimbabwe,Stephen Lungu,Out of the Black Shadows